{
  "timestamp": "2026-03-20T15:19:46.647510+00:00",
  "version": "1.6.0",
  "workload": "oltp",
  "config": {
    "duration": 60,
    "threads": 1,
    "workload": "read"
  },
  "metrics": {
    "total_time_ms": 41,
    "iterations": 60,
    "avg_latency_ms": 1.1361328515058568e-6,
    "p50_ms": 0.0,
    "p95_ms": 0.0,
    "p99_ms": 0.0,
    "min_ms": 0.0,
    "max_ms": 9.0,
    "qps": 880178756.097561
  },
  "queries": []
}